Category,URL
Artist,https://reelvendornetwork.com/artists/
Band,https://reelvendornetwork.com/bands/
Cakes and Desserts,https://reelvendornetwork.com/cakes-and-desserts/
Caterer,https://reelvendornetwork.com/caterers/
DJ,https://reelvendornetwork.com/djs/
Dance Lessons,https://reelvendornetwork.com/dance-lessons/
Decor,https://reelvendornetwork.com/decor/
Florist,https://reelvendornetwork.com/florists/
Gowns and Tuxes,https://reelvendornetwork.com/gowns-tuxes/
Hair and Makeup,https://reelvendornetwork.com/hair-and-makeup/
Instrumentalist,https://reelvendornetwork.com/instrumentalists/
Invitations and Stationery,https://reelvendornetwork.com/invitations-and-stationery/
Jeweler,https://reelvendornetwork.com/jewelers/
Lodging,https://reelvendornetwork.com/lodging/
Med Spa,https://reelvendornetwork.com/med-spas/
Officiant,https://reelvendornetwork.com/officiants/
Photo Booth,https://reelvendornetwork.com/photo-booths/
Photographer,https://reelvendornetwork.com/photographers/
Planner,https://reelvendornetwork.com/planners/
Realtor,https://reelvendornetwork.com/realtors/
Rentals,https://reelvendornetwork.com/rentals/
Transportation,https://reelvendornetwork.com/transportation/
Travel Agent,https://reelvendornetwork.com/travel-agents/
Venue,https://reelvendornetwork.com/venues/
Videographer,https://reelvendornetwork.com/videographers/
Flower Walls,https://reelvendornetwork.com/flower-walls/
Celebration Spots,https://reelvendornetwork.com/celebration-spots/
Wedding Experiences,https://reelvendornetwork.com/wedding-experiences/
